{
  "project_info": {
    "project_number": "524363449798",
    "project_id": "empowerher-4bd7a",
    "storage_bucket": "empowerher-4bd7a.firebasestorage.app"
  },
  "client": [
    {
      "client_info": {
        "mobilesdk_app_id": "1:524363449798:android:dae4f3b8d0fa01fcbbdec7",
        "android_client_info": {
          "package_name": "com.example.empowerher"
        }
      },
      "oauth_client": [],
      "api_key": [
        {
          "current_key": "AIzaSyBBSt7iikZJUMGjFWg3P6AkRxwxwalKeXE"
        }
      ],
      "services": {
        "appinvite_service": {
          "other_platform_oauth_client": []
        }
      }
    }
  ],
  "configuration_version": "1"
}